{
    "1920x1080": {
        "scale_factor": 0.6397128257662487,
        "img_offset": [
            368.6596519983591,
            15.898994932379082
        ]
    },
    "800x480": {
        "scale_factor": 0.274041096817978,
        "img_offset": [
            144.96438777816024,
            9.487537497804908
        ]
    }
}