{
    "1920x1080": {
        "scale_factor": 0.6397128257662487,
        "img_offset": [
            368.6596519983591,
            15.898994932379082
        ]
    }
}