{
    "test": "test",
    "scale_factor": 0.6115280747617766,
    "img_offset": [
        320.0435295831322,
        18.919248120780367
    ]
}