{
    "1920x1080": {
        "scale_factor": 0.6177051260219967,
        "img_offset": [
            329.05815666814465,
            18.88620235037172
        ]
    },
    "800x480": {
        "scale_factor": 0.2606103563375798,
        "img_offset": [
            128.96687166661656,
            12.032869934268433
        ]
    }
}