{
    "1920x1080": {
        "scale_factor": 0.35391529873004657,
        "img_offset": [
            4.050350951127257,
            6.472923728589251
        ]
    },
    "800x480": {
        "scale_factor": 0.16927659024515526,
        "img_offset": [
            3.993339855462409,
            2.474413304234787
        ]
    }
}